MOTIF_INDEX	MOTIF_SOURCE	MOTIF_ID	ALT_ID	CONSENSUS	WIDTH	SITES	E-VALUE	E-VALUE_SOURCE	MOST_SIMILAR_MOTIF_SOURCE	MOST_SIMILAR_MOTIF	URL
1	MEME	TTCTTATCART	MEME-1	TTCTTATCART	11	788	2.9e-150	MEME	motif_databases/CIS-BP/Caenorhabditis_elegans.meme	M4715_1.02 (egl-27)	http://cisbp.ccbr.utoronto.ca/TFreport.php?searchTF=T086516_1.02
2	DREME	STTATCR	DREME-1	STTATCR	7	831	3.8e-131	DREME	motif_databases/CIS-BP/Caenorhabditis_elegans.meme	M4715_1.02 (egl-27)	http://cisbp.ccbr.utoronto.ca/TFreport.php?searchTF=T086516_1.02
3	motif_databases/CIS-BP/Caenorhabditis_elegans.meme	M0788_1.02	end-3	NNWGATAASV	10	2409	8.7e-102	CENTRIMO	 	 	http://cisbp.ccbr.utoronto.ca/TFreport.php?searchTF=T084990_1.02
4	DREME	GATAAGR	DREME-8	GATAAGR	7	72	5.5e-097	DREME	motif_databases/CIS-BP/Caenorhabditis_elegans.meme	M2335_1.02 (elt-3)	http://cisbp.ccbr.utoronto.ca/TFreport.php?searchTF=T085093_1.02
5	motif_databases/CIS-BP/Caenorhabditis_elegans.meme	M0786_1.02	elt-6	VTGATAAN	8	2394	2.4e-094	CENTRIMO	 	 	http://cisbp.ccbr.utoronto.ca/TFreport.php?searchTF=T084987_1.02
6	motif_databases/CIS-BP/Caenorhabditis_elegans.meme	M0772_1.02	elt-7	NCTGATAACDNN	12	2339	1.4e-092	CENTRIMO	 	 	http://cisbp.ccbr.utoronto.ca/TFreport.php?searchTF=T084368_1.02
7	DREME	BTGATAR	DREME-2	BTGATAR	7	471	1.1e-091	DREME	motif_databases/CIS-BP/Caenorhabditis_elegans.meme	M4715_1.02 (egl-27)	http://cisbp.ccbr.utoronto.ca/TFreport.php?searchTF=T086516_1.02
8	motif_databases/CIS-BP/Caenorhabditis_elegans.meme	M2335_1.02	elt-3	TGATAAGA	8	2359	6.8e-090	CENTRIMO	 	 	http://cisbp.ccbr.utoronto.ca/TFreport.php?searchTF=T085093_1.02
9	motif_databases/CIS-BP/Caenorhabditis_elegans.meme	M4715_1.02	egl-27	YTGATAAG	8	2244	6.1e-084	CENTRIMO	 	 	http://cisbp.ccbr.utoronto.ca/TFreport.php?searchTF=T086516_1.02
10	motif_databases/CIS-BP/Caenorhabditis_elegans.meme	M0787_1.02	end-1	NNHGATADNN	10	2409	3.6e-063	CENTRIMO	 	 	http://cisbp.ccbr.utoronto.ca/TFreport.php?searchTF=T084989_1.02
11	MEME	GAGAGRVRGAGRSRGAGRGVG	MEME-2	GAGAGRVRGAGRSRGAGRGVG	21	311	6.3e-049	MEME	motif_databases/CIS-BP/Caenorhabditis_elegans.meme	M2331_1.02 (blmp-1)	http://cisbp.ccbr.utoronto.ca/TFreport.php?searchTF=T057638_1.02
12	motif_databases/CIS-BP/Caenorhabditis_elegans.meme	M0346_1.02	zip-3	RTGAYGTVA	9	2391	1.4e-016	CENTRIMO	 	 	http://cisbp.ccbr.utoronto.ca/TFreport.php?searchTF=T028085_1.02
13	MEME	TTTTTYBHMWTTTTY	MEME-3	TTTTTYBHMWTTTTY	15	328	1.3e-014	MEME	motif_databases/CIS-BP/Caenorhabditis_elegans.meme	M2331_1.02 (blmp-1)	http://cisbp.ccbr.utoronto.ca/TFreport.php?searchTF=T057638_1.02
14	DREME	GGMGS	DREME-3	GGMGS	5	915	2.0e-013	DREME	motif_databases/CIS-BP/Caenorhabditis_elegans.meme	M0674_1.02 (efl-2)	http://cisbp.ccbr.utoronto.ca/TFreport.php?searchTF=T076992_1.02
15	motif_databases/CIS-BP/Caenorhabditis_elegans.meme	M4709_1.02	mdl-1	GTCACGTG	8	2262	1.8e-012	CENTRIMO	 	 	http://cisbp.ccbr.utoronto.ca/TFreport.php?searchTF=T018211_1.02
16	DREME	AAAVTG	DREME-4	AAAVTG	6	1351	7.2e-012	DREME	 	 	 
17	motif_databases/CIS-BP/Caenorhabditis_elegans.meme	M0343_1.02	skn-1	DNGATGAYWW	10	2407	5.9e-011	CENTRIMO	 	 	http://cisbp.ccbr.utoronto.ca/TFreport.php?searchTF=T028060_1.02
18	DREME	GAGACRCA	DREME-5	GAGACRCA	8	68	1.0e-009	DREME	 	 	 
19	motif_databases/CIS-BP/Caenorhabditis_elegans.meme	M1425_1.02	nhr-42	NNYGTRVYNN	10	2339	5.2e-009	CENTRIMO	 	 	http://cisbp.ccbr.utoronto.ca/TFreport.php?searchTF=T131276_1.02
20	motif_databases/CIS-BP/Caenorhabditis_elegans.meme	M0170_1.02	hlh-25	SACACGCG	8	2180	2.7e-008	CENTRIMO	 	 	http://cisbp.ccbr.utoronto.ca/TFreport.php?searchTF=T012790_1.02
21	motif_databases/CIS-BP/Caenorhabditis_elegans.meme	M1428_1.02	(nhr-134)_(Caenorhabditis_briggsae)_(DBD_0.70)	BTGTGWCY	8	2352	3.0e-008	CENTRIMO	 	 	http://cisbp.ccbr.utoronto.ca/TFreport.php?searchTF=T134179_1.02
22	motif_databases/CIS-BP/Caenorhabditis_elegans.meme	M0179_1.02	(aha-1)_(Mus_musculus)_(DBD_0.81)	NNTCACGTGCNN	12	2180	3.8e-008	CENTRIMO	 	 	http://cisbp.ccbr.utoronto.ca/TFreport.php?searchTF=T012793_1.02
23	DREME	AAATAK	DREME-6	AAATAK	6	791	8.4e-008	DREME	motif_databases/CIS-BP/Caenorhabditis_elegans.meme	M0281_1.02 (D1005.3)	http://cisbp.ccbr.utoronto.ca/TFreport.php?searchTF=T024492_1.02
24	motif_databases/CIS-BP/Caenorhabditis_elegans.meme	M0169_1.02	hlh-27	GACAYGCG	8	2032	3.0e-007	CENTRIMO	 	 	http://cisbp.ccbr.utoronto.ca/TFreport.php?searchTF=T012789_1.02
25	motif_databases/CIS-BP/Caenorhabditis_elegans.meme	M0457_1.02	F55C5.11	NNKGYGACA	9	2407	3.9e-007	CENTRIMO	 	 	http://cisbp.ccbr.utoronto.ca/TFreport.php?searchTF=T057656_1.02
26	motif_databases/CIS-BP/Caenorhabditis_elegans.meme	M0495_1.02	sptf-3	RGGGGCGKRN	10	1965	1.1e-006	CENTRIMO	 	 	http://cisbp.ccbr.utoronto.ca/TFreport.php?searchTF=T061515_1.02
27	motif_databases/CIS-BP/Caenorhabditis_elegans.meme	M0456_1.02	klf-3	DGGGCGKRD	9	2281	2.0e-006	CENTRIMO	 	 	http://cisbp.ccbr.utoronto.ca/TFreport.php?searchTF=T057655_1.02
28	motif_databases/CIS-BP/Caenorhabditis_elegans.meme	M0324_1.02	F23F12.9	RTTRCGYAAY	10	1914	1.0e-005	CENTRIMO	 	 	http://cisbp.ccbr.utoronto.ca/TFreport.php?searchTF=T027133_1.02
29	motif_databases/CIS-BP/Caenorhabditis_elegans.meme	M1624_1.02	tbx-38	NDRGTGYKAA	10	2418	1.3e-005	CENTRIMO	 	 	http://cisbp.ccbr.utoronto.ca/TFreport.php?searchTF=T149062_1.02
30	motif_databases/CIS-BP/Caenorhabditis_elegans.meme	M0496_1.02	Y53H1A.2	BKGYSKNNNN	10	2406	1.3e-005	CENTRIMO	 	 	http://cisbp.ccbr.utoronto.ca/TFreport.php?searchTF=T061519_1.02
31	motif_databases/CIS-BP/Caenorhabditis_elegans.meme	M0546_1.02	ZK337.2	YGKGGGHG	8	2140	1.6e-005	CENTRIMO	 	 	http://cisbp.ccbr.utoronto.ca/TFreport.php?searchTF=T061573_1.02
32	motif_databases/CIS-BP/Caenorhabditis_elegans.meme	M0171_1.02	hlh-26	RACACGTGY	9	1725	2.0e-005	CENTRIMO	 	 	http://cisbp.ccbr.utoronto.ca/TFreport.php?searchTF=T012791_1.02
33	motif_databases/CIS-BP/Caenorhabditis_elegans.meme	M5158_1.02	(pax-1)_(Drosophila_melanogaster)_(DBD_0.75)	NNNVNNMANHVAASCRTGA	19	2313	3.0e-005	CENTRIMO	 	 	http://cisbp.ccbr.utoronto.ca/TFreport.php?searchTF=T136079_1.02
34	motif_databases/CIS-BP/Caenorhabditis_elegans.meme	M4713_1.02	elt-1	GATAANVATCT	11	1845	3.1e-005	CENTRIMO	 	 	http://cisbp.ccbr.utoronto.ca/TFreport.php?searchTF=T085219_1.02
35	DREME	GAAAACKM	DREME-7	GAAAACKM	8	98	3.4e-005	DREME	 	 	 
36	motif_databases/CIS-BP/Caenorhabditis_elegans.meme	M0342_1.02	atf-5	NGMTGACGTMA	11	2094	4.8e-005	CENTRIMO	 	 	http://cisbp.ccbr.utoronto.ca/TFreport.php?searchTF=T028059_1.02
37	motif_databases/CIS-BP/Caenorhabditis_elegans.meme	M0387_1.02	ztf-3	TGTGTGTG	8	2214	5.0e-005	CENTRIMO	 	 	http://cisbp.ccbr.utoronto.ca/TFreport.php?searchTF=T037194_1.02
38	motif_databases/CIS-BP/Caenorhabditis_elegans.meme	M0227_1.02	mxl-3	CCACGTGT	8	1604	1.2e-004	CENTRIMO	 	 	http://cisbp.ccbr.utoronto.ca/TFreport.php?searchTF=T016864_1.02
39	motif_databases/CIS-BP/Caenorhabditis_elegans.meme	M0347_1.02	W08E12.1	TGACGTMA	8	1192	1.4e-004	CENTRIMO	 	 	http://cisbp.ccbr.utoronto.ca/TFreport.php?searchTF=T028086_1.02
40	motif_databases/CIS-BP/Caenorhabditis_elegans.meme	M0499_1.02	egrh-3	RDGGGRG	7	2333	1.4e-004	CENTRIMO	 	 	http://cisbp.ccbr.utoronto.ca/TFreport.php?searchTF=T061528_1.02
41	motif_databases/CIS-BP/Caenorhabditis_elegans.meme	M1050_1.02	(ceh-20)_(Mus_musculus)_(DBD_0.88)	NNHRTCANN	9	1653	2.8e-004	CENTRIMO	 	 	http://cisbp.ccbr.utoronto.ca/TFreport.php?searchTF=T098457_1.02
42	motif_databases/CIS-BP/Caenorhabditis_elegans.meme	M0275_1.02	atf-7	DATGACGTVN	10	1985	4.1e-004	CENTRIMO	 	 	http://cisbp.ccbr.utoronto.ca/TFreport.php?searchTF=T024084_1.02
43	motif_databases/CIS-BP/Caenorhabditis_elegans.meme	M1463_1.02	nhr-182	DWBYGTGTCC	10	2381	4.1e-004	CENTRIMO	 	 	http://cisbp.ccbr.utoronto.ca/TFreport.php?searchTF=T134170_1.02
44	motif_databases/CIS-BP/Caenorhabditis_elegans.meme	M0294_1.02	(crh-1)_(Mus_musculus)_(DBD_0.70)	NNKDRYRNND	10	1091	5.5e-004	CENTRIMO	 	 	http://cisbp.ccbr.utoronto.ca/TFreport.php?searchTF=T028088_1.02
45	motif_databases/CIS-BP/Caenorhabditis_elegans.meme	M0674_1.02	efl-2	DDBGCGSGBN	10	2129	7.5e-004	CENTRIMO	 	 	http://cisbp.ccbr.utoronto.ca/TFreport.php?searchTF=T076992_1.02
46	motif_databases/CIS-BP/Caenorhabditis_elegans.meme	M0325_1.02	atf-6	CTKACGTRG	9	2289	8.2e-004	CENTRIMO	 	 	http://cisbp.ccbr.utoronto.ca/TFreport.php?searchTF=T027136_1.02
47	motif_databases/CIS-BP/Caenorhabditis_elegans.meme	M0240_1.02	hlh-30	TCACGTGW	8	1076	1.1e-003	CENTRIMO	 	 	http://cisbp.ccbr.utoronto.ca/TFreport.php?searchTF=T018410_1.02
48	motif_databases/CIS-BP/Caenorhabditis_elegans.meme	M0276_1.02	C27D6.4	YGCCACGTGD	10	1955	1.3e-003	CENTRIMO	 	 	http://cisbp.ccbr.utoronto.ca/TFreport.php?searchTF=T024086_1.02
49	motif_databases/CIS-BP/Caenorhabditis_elegans.meme	M0383_1.02	egrh-1	CGKGGGCG	8	2009	1.4e-003	CENTRIMO	 	 	http://cisbp.ccbr.utoronto.ca/TFreport.php?searchTF=T037189_1.02
50	motif_databases/CIS-BP/Caenorhabditis_elegans.meme	M0405_1.02	(klf-1)_(Mus_musculus)_(DBD_0.79)	DGGGCGKGGY	10	2233	1.6e-003	CENTRIMO	 	 	http://cisbp.ccbr.utoronto.ca/TFreport.php?searchTF=T057659_1.02
51	motif_databases/CIS-BP/Caenorhabditis_elegans.meme	M0340_1.02	xbp-1	NNNWWTACGTGTN	13	2247	2.0e-003	CENTRIMO	 	 	http://cisbp.ccbr.utoronto.ca/TFreport.php?searchTF=T027927_1.02
52	motif_databases/CIS-BP/Caenorhabditis_elegans.meme	M0389_1.02	scrt-1	DNNDDYRDN	9	1311	2.2e-003	CENTRIMO	 	 	http://cisbp.ccbr.utoronto.ca/TFreport.php?searchTF=T037196_1.02
53	motif_databases/CIS-BP/Caenorhabditis_elegans.meme	M1501_1.02	pax-2	AMSCGTGACG	10	2231	2.4e-003	CENTRIMO	 	 	http://cisbp.ccbr.utoronto.ca/TFreport.php?searchTF=T136078_1.02
54	motif_databases/CIS-BP/Caenorhabditis_elegans.meme	M1424_1.02	nhr-154	HWDTGRYGYB	10	2424	2.5e-003	CENTRIMO	 	 	http://cisbp.ccbr.utoronto.ca/TFreport.php?searchTF=T131251_1.02
55	motif_databases/CIS-BP/Caenorhabditis_elegans.meme	M1477_1.02	nhr-1	AGTGATCA	8	2185	3.3e-003	CENTRIMO	 	 	http://cisbp.ccbr.utoronto.ca/TFreport.php?searchTF=T134664_1.02
56	motif_databases/CIS-BP/Caenorhabditis_elegans.meme	M0326_1.02	atf-2	VTKRCGYAAT	10	2277	3.6e-003	CENTRIMO	 	 	http://cisbp.ccbr.utoronto.ca/TFreport.php?searchTF=T027587_1.02
57	motif_databases/CIS-BP/Caenorhabditis_elegans.meme	M0239_1.02	ref-1	SCACGTGT	8	1534	3.7e-003	CENTRIMO	 	 	http://cisbp.ccbr.utoronto.ca/TFreport.php?searchTF=T018398_1.02
58	motif_databases/CIS-BP/Caenorhabditis_elegans.meme	M0254_1.02	Y44A6D.3	NTGCGCRRN	9	2040	4.1e-003	CENTRIMO	 	 	http://cisbp.ccbr.utoronto.ca/TFreport.php?searchTF=T022239_1.02
59	motif_databases/CIS-BP/Caenorhabditis_elegans.meme	M4966_1.02	(hlh-13)_(Drosophila_melanogaster)_(DBD_0.66)	TGWCAGSTGBK	11	2125	4.9e-003	CENTRIMO	 	 	http://cisbp.ccbr.utoronto.ca/TFreport.php?searchTF=T016865_1.02
60	motif_databases/CIS-BP/Caenorhabditis_elegans.meme	M1422_1.02	(nhr-23)_(Aedes_aegypti)_(DBD_0.91)	TGACCYN	7	2381	4.9e-003	CENTRIMO	 	 	http://cisbp.ccbr.utoronto.ca/TFreport.php?searchTF=T131235_1.02
61	motif_databases/CIS-BP/Caenorhabditis_elegans.meme	M1466_1.02	nhr-142	TTGTGACY	8	2188	5.1e-003	CENTRIMO	 	 	http://cisbp.ccbr.utoronto.ca/TFreport.php?searchTF=T134186_1.02
62	motif_databases/CIS-BP/Caenorhabditis_elegans.meme	M1123_1.02	unc-62	WNMTGTCAN	9	2228	5.7e-003	CENTRIMO	 	 	http://cisbp.ccbr.utoronto.ca/TFreport.php?searchTF=T100184_1.02
63	motif_databases/CIS-BP/Caenorhabditis_elegans.meme	M1431_1.02	(unc-55)_(Danio_rerio)_(DBD_0.77)	NTGACCTNN	9	2395	7.5e-003	CENTRIMO	 	 	http://cisbp.ccbr.utoronto.ca/TFreport.php?searchTF=T134196_1.02
64	motif_databases/CIS-BP/Caenorhabditis_elegans.meme	M0226_1.02	hlh-29	MCAYGCGT	8	1524	9.9e-003	CENTRIMO	 	 	http://cisbp.ccbr.utoronto.ca/TFreport.php?searchTF=T016860_1.02
65	motif_databases/CIS-BP/Caenorhabditis_elegans.meme	M1635_1.02	tbx-43	DAGGTGTBAA	10	2391	1.0e-002	CENTRIMO	 	 	http://cisbp.ccbr.utoronto.ca/TFreport.php?searchTF=T150128_1.02
66	motif_databases/CIS-BP/Caenorhabditis_elegans.meme	M0344_1.02	jun-1	ATGACTCAY	9	2169	1.5e-002	CENTRIMO	 	 	http://cisbp.ccbr.utoronto.ca/TFreport.php?searchTF=T028061_1.02
67	motif_databases/CIS-BP/Caenorhabditis_elegans.meme	M1478_1.02	nhr-84	WTTGTGACYN	10	2240	2.2e-002	CENTRIMO	 	 	http://cisbp.ccbr.utoronto.ca/TFreport.php?searchTF=T134683_1.02
68	DREME	GGRGAGA	DREME-9	GGRGAGA	7	81	2.4e-002	DREME	 	 	 
69	motif_databases/CIS-BP/Caenorhabditis_elegans.meme	M1623_1.02	(tbx-2)_(Nasonia_vitripennis)_(DBD_0.69)	TSACACCT	8	2121	2.4e-002	CENTRIMO	 	 	http://cisbp.ccbr.utoronto.ca/TFreport.php?searchTF=T149993_1.02
70	motif_databases/CIS-BP/Caenorhabditis_elegans.meme	M0491_1.02	T22C8.4	AGCAGGGG	8	1800	2.6e-002	CENTRIMO	 	 	http://cisbp.ccbr.utoronto.ca/TFreport.php?searchTF=T061501_1.02
71	DREME	TGACGTCA	DREME-10	TGACGTCA	8	24	2.9e-002	DREME	motif_databases/CIS-BP/Caenorhabditis_elegans.meme	M0342_1.02 (atf-5)	http://cisbp.ccbr.utoronto.ca/TFreport.php?searchTF=T028059_1.02
72	DREME	TACBGTA	DREME-11	TACBGTA	7	80	4.5e-002	DREME	motif_databases/CIS-BP/Caenorhabditis_elegans.meme	M0547_1.02 (syd-9)	http://cisbp.ccbr.utoronto.ca/TFreport.php?searchTF=T061576_1.02

# MEME-ChIP (Motif Analysis of Large Nucleotide Datasets): Version 5.1.1 released on Wed Jan 29 15:00:42 2020 -0800
# The format of this file is described at http://localhost:8080/doc/meme-chip-output-format.html
# meme-chip -oc 02_output/all_dineen_sets_peaks -meme-p 24 -ccut 100 -fdesc description -order 1 -db motif_databases/CIS-BP/Caenorhabditis_elegans.meme -meme-mod zoops -meme-minw 6 -meme-maxw 30 -meme-nmotifs 3 -meme-searchsize 100000 -dreme-e 0.05 -centrimo-score 5.0 -centrimo-ethresh 10.0 01_input/all_dineen_sets_peaks.fasta
